,type,2011,2014,2018,increase_adjusted_pct
0,CITY,23471.27926437452,32454.31671392428,37543.65780810235,59
1,COUNTY,33141.186219553456,37714.90535438705,46361.27618481652,39
2,SPECIAL DISTRICT,14410.058495508973,16988.550520055214,22347.599916736053,55
3,STATE,12559.312608177013,21187.87643361944,26637.672416452435,112
