,type,2011,2014,2018,increase_adjusted_pct
0,CITY,23535.962097831696,32492.652159190868,37572.7923456,59
1,COUNTY,33309.585050686896,37894.291161126675,46593.72700119474,39
2,SPECIAL DISTRICT,14402.885792069692,16984.461712434342,22331.211205103315,55
3,STATE,12559.312608177013,21187.87643361944,26637.672416452435,112
