,Year,Overtime,BaseWages,naWages,naOvertime,OT_Share_Wages
0,2011,823157427.0793129,3289220386.4521356,3683824636.5013976,737375734.2080998,20.016580781337094
1,2012,934515831.250957,3248964085.3425336,3825070141.2958,854453391.4236978,22.338241126585952
2,2013,1002320747.7872056,3189525586.4830294,3888859914.2699986,929873059.8600035,23.911199692431083
3,2014,1074263383.4790423,3121478397.2400565,3955617032.5810003,1012782663.7699996,25.603658175907114
4,2015,1198811182.375677,3340807540.663642,4284893734.0599985,1131544043.0299983,26.407750419468258
5,2016,1246755062.6140888,3442648899.012681,4482112313.15,1191643173.2799997,26.586642413753363
6,2017,1329613836.6209588,3492229366.401353,4706878764.530002,1297912617.4599998,27.574804501887375
7,2018,1363930557.740009,3540448737.070005,4904379294.810001,1363930557.740009,27.81046235929125
