,type,2011,2014,2018,increase_adjusted_pct
0,CITY,26785.402634298014,35541.33415157508,40682.03243364929,51
1,COUNTY,38498.24392557658,44239.454067695406,49828.950064226075,29
2,SPECIAL DISTRICT,25131.09532688708,28055.50030038502,35101.73126734505,39
3,STATE DEPARTMENT,10718.374086878353,18043.41392069536,23751.859545660067,121
