,type,2011,2014,2018,increase_adjusted_pct
0,CITY,20405.014794840925,27221.26284154157,31533.343292768448,54
1,COUNTY,24564.60754127626,28543.38545667519,34919.66282894737,42
2,SPECIAL DISTRICT,9617.444057460725,11040.263165907912,15607.185737690783,62
3,STATE DEPARTMENT,10805.15471619978,18444.372836974115,23642.503393017025,118
