employer,type,2011,2018,adjusted_ot_pct_change
ALAMEDA,COUNTY,109526.85435162422,17330063.0,15722.661120498986
