employer,type,2011,2018,adjusted_overtime_pct_change
ALAMEDA,CITY,606325.519274114,1412566.0,132.97155654789324
