employer,type,year,overtime,adjusted_overtime,wages
ALAMEDA HEALTH SYSTEM,SPECIAL DISTRICT,2011,90522.84000000001,101053.70248769666,1466428.4099999997
ALAMEDA HEALTH SYSTEM,SPECIAL DISTRICT,2012,183012.0,200160.258038102,1600074.0
ALAMEDA HEALTH SYSTEM,SPECIAL DISTRICT,2013,138606.0,149404.9839326571,1616430.0
ALAMEDA HEALTH SYSTEM,SPECIAL DISTRICT,2014,99451.98999999999,105489.19831766185,1598827.85
ALAMEDA HEALTH SYSTEM,SPECIAL DISTRICT,2015,166807.0,176723.21120004053,1641502.0
ALAMEDA HEALTH SYSTEM,SPECIAL DISTRICT,2016,155593.0,162788.9663676476,1672983.0
ALAMEDA HEALTH SYSTEM,SPECIAL DISTRICT,2017,93011.0,95282.77242575066,1066551.0
ALAMEDA HEALTH SYSTEM,SPECIAL DISTRICT,2018,158032.0,158032.0,1685633.0
