employer,type,year,overtime,adjusted_overtime,wages
ALAMEDA,COUNTY,2011,0.0,0.0,257.0
ALAMEDA,COUNTY,2012,0.0,0.0,23055.0
ALAMEDA,COUNTY,2015,13173010.0,13956108.72667362,53321247.0
ALAMEDA,COUNTY,2016,15164076.0,15865394.059889918,57038063.0
ALAMEDA,COUNTY,2017,3359061.0,3441105.2975155027,12785164.0
ALAMEDA,COUNTY,2018,16881483.0,16881483.0,59578434.0
