employer,type,year,overtime,adjusted_overtime,wages
ALAMEDA,COUNTY,2011,98113.0,109526.85435162422,2171855.0
ALAMEDA,COUNTY,2012,87697.0,95914.2250189465,2653460.0
ALAMEDA,COUNTY,2013,129515.0,139605.69162978578,4679740.0
ALAMEDA,COUNTY,2014,157370.0,166923.10670958366,5034950.0
ALAMEDA,COUNTY,2015,13347707.0,14141190.976381445,57511306.0
ALAMEDA,COUNTY,2016,15358554.0,16068866.405054847,60757380.0
ALAMEDA,COUNTY,2017,3535828.0,3622189.7911063973,18360644.0
ALAMEDA,COUNTY,2018,17330063.0,17330063.0,66389243.0
