employer,type,2011,2018,adjusted_overtime_pct_change
ALBANY,CITY,571783.9200227617,852655.0,49.12189205426717
