employer,type,2011,2018,adjusted_overtime_pct_change
ALHAMBRA,CITY,2379256.6584318425,3713556.0,56.0805130812406
