employer,type,year,overtime,adjusted_overtime,wages
ANAHEIM,CITY,2011,5679159.0,6339836.929180795,29682096.0
ANAHEIM,CITY,2012,6871567.0,7515434.090912657,30102484.0
ANAHEIM,CITY,2013,9326011.0,10052613.332833953,31786730.0
ANAHEIM,CITY,2014,9550872.0,10130655.309306568,32008422.0
ANAHEIM,CITY,2015,10305860.0,10918514.650932198,33108832.0
ANAHEIM,CITY,2016,11176966.0,11693885.600678314,36385883.0
ANAHEIM,CITY,2017,12125997.0,12422171.706425428,37708415.0
ANAHEIM,CITY,2018,11185268.0,11185268.0,37074120.0
