employer,type,2011,2018,adjusted_ot_pct_change
ANAHEIM,CITY,6339836.929180795,11227272.0,77.09086409341978
