employer,type,2011,2018,adjusted_ot_pct_change
ANAHEIM,CITY,6841895.758787931,11944361.0,74.57677551807646
