employer,type,2011,2018,adjusted_ot_pct_change
ANAHEIM,CITY,6339836.929180795,11185268.0,76.42832339293794
