employer,type,year,overtime,adjusted_overtime,wages
ANAHEIM,CITY,2011,6128898.0,6841895.758787931,35061514.0
ANAHEIM,CITY,2012,7256857.0,7936825.834730004,35209830.0
ANAHEIM,CITY,2013,9732743.0,10491034.381885925,37415654.0
ANAHEIM,CITY,2014,9989319.0,10595718.125392843,37648323.0
ANAHEIM,CITY,2015,10938361.0,11588616.072378768,39121450.0
ANAHEIM,CITY,2016,11941346.0,12493617.144591618,42693062.0
ANAHEIM,CITY,2017,12900759.0,13215857.091273675,44635366.0
ANAHEIM,CITY,2018,11944361.0,11944361.0,44235354.0
