employer,type,2011,2018,adjusted_ot_pct_change
BURBANK,CITY,4210040.6784506,4970396.0,18.060521966957086
