employer,type,2011,2018,adjusted_ot_pct_change
CALFIRE,STATE,75251410.26676363,182236905.89999998,142.17075168953843
