employer,type,2011,2018,adjusted_ot_pct_change
CALFIRE,STATE DEPARTMENT,82191930.42669645,206989333.96000028,151.83656459389942
