employer,type,2011,2018,adjusted_ot_pct_change
CHULA VISTA,CITY,3016843.988365736,38603.0,-98.72041775614284
