employer,type,2011,2018,adjusted_ot_pct_change
CONTRA COSTA,COUNTY,12634878.733509976,12091086.0,-4.303901485557911
