employer,type,year,overtime,adjusted_overtime,wages
CONTRA COSTA,COUNTY,2011,11318191.0,12634878.733509976,41559099.0
CONTRA COSTA,COUNTY,2012,10726682.0,11731774.074993249,39907888.0
CONTRA COSTA,COUNTY,2013,8575833.0,9243987.933957772,34276171.0
CONTRA COSTA,COUNTY,2014,9725088.0,10315447.048256285,35883941.0
CONTRA COSTA,COUNTY,2015,9615778.0,10187409.199534208,37703205.0
CONTRA COSTA,COUNTY,2016,10419061.0,10900928.516780762,40556120.0
CONTRA COSTA,COUNTY,2017,11441460.0,11720915.046589416,41753827.0
CONTRA COSTA,COUNTY,2018,12091086.0,12091086.0,46130229.0
