employer,type,2011,2018,adjusted_ot_pct_change
CONTRA COSTA,COUNTY,12465390.243821662,11638306.0,-6.6350449335639325
