employer,type,2011,2018,adjusted_ot_pct_change
CONTRA COSTA,COUNTY,12962267.052107466,12375184.0,-4.529169548408707
