employer,type,2011,2018,adjusted_ot_pct_change
CORONA,CITY,4535478.761966577,5422884.0,19.565855879978713
