employer,type,year,overtime,adjusted_overtime,wages
CORONA,CITY,2011,4053638.0,4525212.956694926,14455714.0
CORONA,CITY,2012,4481227.0,4901118.7935616765,13754291.0
CORONA,CITY,2013,5028492.0,5420268.721884298,14230263.0
CORONA,CITY,2014,5488368.0,5821538.014395784,15450493.0
CORONA,CITY,2015,5876953.0,6226321.474708565,16164630.0
CORONA,CITY,2016,5719719.0,5984248.288312426,16059396.0
CORONA,CITY,2017,6676433.0,6839503.350730255,17430619.0
CORONA,CITY,2018,5422884.0,5422884.0,15551942.0
