employer,type,2011,2018,adjusted_ot_pct_change
CORONA,CITY,4525212.956694926,5422884.0,19.83710052754522
