employer,type,2011,2018,adjusted_ot_pct_change
EL SEGUNDO,CITY,831891.9191425228,2448129.0,194.28450303056465
