employer,type,year,overtime,adjusted_overtime,wages
"FORESTRY & FIRE PROTECTION, CALIFORNIA DEPARTMENT OF",STATE DEPARTMENT,2011,67491369.43869993,75342894.32087675,359777560.6165986
"FORESTRY & FIRE PROTECTION, CALIFORNIA DEPARTMENT OF",STATE DEPARTMENT,2012,95612056.99450019,104570924.30864003,402776201.84099936
"FORESTRY & FIRE PROTECTION, CALIFORNIA DEPARTMENT OF",STATE DEPARTMENT,2013,102301420.08,110271864.30125946,413893230.3599991
"FORESTRY & FIRE PROTECTION, CALIFORNIA DEPARTMENT OF",STATE DEPARTMENT,2014,126524377.56999929,134205008.4417657,470305118.08000016
"FORESTRY & FIRE PROTECTION, CALIFORNIA DEPARTMENT OF",STATE DEPARTMENT,2015,135565762.4299998,143624769.1368549,509465124.2900004
"FORESTRY & FIRE PROTECTION, CALIFORNIA DEPARTMENT OF",STATE DEPARTMENT,2016,128181444.88999979,134109663.80977711,514271732.9099986
"FORESTRY & FIRE PROTECTION, CALIFORNIA DEPARTMENT OF",STATE DEPARTMENT,2017,154041321.2700001,157803745.34981167,579348059.570001
"FORESTRY & FIRE PROTECTION, CALIFORNIA DEPARTMENT OF",STATE DEPARTMENT,2018,182538063.20999995,182538063.20999995,643907054.9599997
