employer,type,year,overtime,adjusted_overtime,wages
"FORESTRY & FIRE PROTECTION, CALIFORNIA DEPARTMENT OF",STATE DEPARTMENT,2011,35751123.515499964,39910186.1953981,198466885.36630005
"FORESTRY & FIRE PROTECTION, CALIFORNIA DEPARTMENT OF",STATE DEPARTMENT,2012,52982519.77290012,57946991.613951825,225777187.29170004
"FORESTRY & FIRE PROTECTION, CALIFORNIA DEPARTMENT OF",STATE DEPARTMENT,2013,54613103.36000012,58868085.2922194,228851243.74000058
"FORESTRY & FIRE PROTECTION, CALIFORNIA DEPARTMENT OF",STATE DEPARTMENT,2014,67913213.67000015,72035868.41474335,261663746.87000054
"FORESTRY & FIRE PROTECTION, CALIFORNIA DEPARTMENT OF",STATE DEPARTMENT,2015,75835086.24000008,80343270.7378274,293907123.68999976
"FORESTRY & FIRE PROTECTION, CALIFORNIA DEPARTMENT OF",STATE DEPARTMENT,2016,70895343.2,74174157.1909252,296951124.06000006
"FORESTRY & FIRE PROTECTION, CALIFORNIA DEPARTMENT OF",STATE DEPARTMENT,2017,86631112.37999988,88747057.50817811,336285925.3300006
"FORESTRY & FIRE PROTECTION, CALIFORNIA DEPARTMENT OF",STATE DEPARTMENT,2018,104473760.33000015,104473760.33000015,380802935.26000035
