employer,type,2011,2018,adjusted_overtime_pct_change
FRESNO,COUNTY,107.16804111336852,7354.0,6762.120389249735
