employer,type,year,overtime,adjusted_overtime,wages
FRESNO,CITY,2011,36615.0,40874.56068089571,465219.0
FRESNO,CITY,2012,37292.0,40786.26725437076,333472.0
FRESNO,CITY,2013,32169.0,34675.33099670755,537725.0
FRESNO,CITY,2014,5742195.0,6090773.519299983,32242401.0
FRESNO,CITY,2015,8148667.0,8633082.53994017,35629857.0
FRESNO,CITY,2016,9019518.0,9436658.540900875,36504010.0
FRESNO,CITY,2017,9331031.0,9558939.30041204,38165585.0
FRESNO,CITY,2018,10283609.0,10283609.0,39632109.0
