employer,type,2011,2018,adjusted_ot_pct_change
FRESNO,CITY,40874.56068089571,10283609.0,25058.9468576391
