employer,type,year,overtime,adjusted_overtime,wages
GLENDALE,CITY,2011,6007500.0,6706375.07279752,29346604.0
GLENDALE,CITY,2012,5418001.0,5925668.689543281,29079534.0
GLENDALE,CITY,2013,7151136.0,7708290.83286615,29067373.0
GLENDALE,CITY,2014,7544438.0,8002421.232368546,29079991.0
GLENDALE,CITY,2015,7547779.0,7996473.4232270215,29640487.0
GLENDALE,CITY,2016,9130478.0,9552750.29122484,31419820.0
GLENDALE,CITY,2017,9043303.0,9264183.609746244,31301607.0
GLENDALE,CITY,2018,8807340.0,8807340.0,32957182.0
