employer,type,2011,2018,adjusted_ot_pct_change
GLENDALE,CITY,6223469.181538109,7515865.0,20.766485392034674
