employer,type,2011,2018,adjusted_ot_pct_change
GLENDALE,CITY,6706375.07279752,8807340.0,31.327876899167766
