employer,type,2011,2018,adjusted_ot_pct_change
GLENDALE,CITY,6223469.181538109,5295026.0,-14.918418561344065
