employer,type,year,overtime,adjusted_overtime,wages
GLENDALE,CITY,2011,5574918.0,6223469.181538109,24654769.0
GLENDALE,CITY,2012,4806069.0,5256398.548668522,23854858.0
GLENDALE,CITY,2013,6422783.0,6923190.849731925,23417392.0
GLENDALE,CITY,2014,6745976.0,7155488.795248716,23861678.0
GLENDALE,CITY,2015,4184289.0,4433033.317960316,15973057.0
GLENDALE,CITY,2016,5049851.0,5283399.796910092,16953593.0
GLENDALE,CITY,2017,4810605.0,4928102.928096444,15120291.0
GLENDALE,CITY,2018,5295026.0,5295026.0,16994941.0
