employer,type,year,overtime,adjusted_overtime,wages
HUNTINGTON BEACH,CITY,2011,4522493.0,5048611.622488764,18792250.0
HUNTINGTON BEACH,CITY,2012,5043309.0,5515867.980273875,19548554.0
HUNTINGTON BEACH,CITY,2013,5345643.0,5762129.39212387,19080598.0
HUNTINGTON BEACH,CITY,2014,4366493.0,4631559.871548898,19183172.0
HUNTINGTON BEACH,CITY,2015,5100763.0,5403989.1427239375,20406149.0
HUNTINGTON BEACH,CITY,2016,5419746.0,5670401.941701699,20972712.0
HUNTINGTON BEACH,CITY,2017,6504982.0,6663864.699224868,21919729.0
HUNTINGTON BEACH,CITY,2018,5792751.0,5792751.0,22109494.0
