employer,type,2011,2018,adjusted_ot_pct_change
HUNTINGTON BEACH,CITY,5014960.857579166,5615152.0,11.968012502306143
