employer,type,2011,2018,adjusted_ot_pct_change
HUNTINGTON BEACH,CITY,5014960.857579166,5792882.0,15.512008259150278
