employer,type,2011,2018,adjusted_ot_pct_change
HUNTINGTON BEACH,CITY,5048611.622488764,5792751.0,14.739485489367171
