employer,type,2011,2018,adjusted_ot_pct_change
KERN,COUNTY,18534558.656498026,26234012.0,41.54106653520247
