employer,type,year,overtime,adjusted_overtime,wages
KERN,COUNTY,2011,16603062.0,18534558.656498026,66056225.0
KERN,COUNTY,2012,18043761.0,19734464.722192228,66913225.0
KERN,COUNTY,2013,19550710.0,21073932.68272687,71453953.0
KERN,COUNTY,2014,22773477.0,24155935.257159855,76797582.0
KERN,COUNTY,2015,23381078.0,24771017.915786643,76773356.0
KERN,COUNTY,2016,25307797.0,26478248.47308203,77702527.0
KERN,COUNTY,2017,25926431.0,26559678.15403477,78143567.0
KERN,COUNTY,2018,26234012.0,26234012.0,81277136.0
