employer,type,2011,2018,adjusted_ot_pct_change
KERN,COUNTY,16458549.599069117,22889651.0,39.07453303962229
