employer,type,2011,2018,adjusted_ot_pct_change
LONG BEACH,CITY,15435136.110785583,21450787.0,38.97374695005683
