employer,type,2011,2018,adjusted_ot_pct_change
LONG BEACH,CITY,16953451.612930626,23161178.0,36.61629813680335
