employer,type,year,overtime,adjusted_overtime,wages
LONG BEACH,CITY,2011,13826632.0,15435136.110785583,49665645.0
LONG BEACH,CITY,2012,14154999.0,15481325.00802722,50811407.0
LONG BEACH,CITY,2013,15608725.0,16824822.21429277,51905099.0
LONG BEACH,CITY,2014,12745522.0,13519235.742996424,48869587.0
LONG BEACH,CITY,2015,15485316.0,16405874.873160996,53680751.0
LONG BEACH,CITY,2016,16954192.0,17738300.510168456,53583662.0
LONG BEACH,CITY,2017,21366254.0,21888119.872625645,61945323.0
LONG BEACH,CITY,2018,21450787.0,21450787.0,64456828.0
