employer,type,year,overtime,adjusted_overtime,wages
LOS ANGELES,CITY,2011,97356938.0,108682836.81516312,483125195.0
LOS ANGELES,CITY,2012,114177871.0,124876358.49890222,482711549.0
LOS ANGELES,CITY,2013,141928081.0,152985892.82857803,511465343.0
LOS ANGELES,CITY,2014,162814085.0,172697673.53547877,500741788.0
LOS ANGELES,CITY,2015,186077797.0,197139603.36718056,566858564.0
LOS ANGELES,CITY,2016,187713799.0,196395308.9930418,579642278.0
LOS ANGELES,CITY,2017,198034554.0,202871502.73856905,619781899.0
LOS ANGELES,CITY,2018,196605243.0,196605243.0,630161468.0
