employer,type,year,overtime,adjusted_overtime,wages
LOS ANGELES,COUNTY,2011,125705502.0,140329295.90117335,440248129.87000006
LOS ANGELES,COUNTY,2012,132741993.0,145179942.14243767,462930694.0
LOS ANGELES,COUNTY,2013,148307753.0,159862613.8410571,476887124.0
LOS ANGELES,COUNTY,2014,154514216.0,163893963.05214292,488761119.0
LOS ANGELES,COUNTY,2015,168581513.0,178603214.0516969,515535482.0
LOS ANGELES,COUNTY,2016,192588514.0,201495472.9861971,557839867.0
LOS ANGELES,COUNTY,2017,203201042.0,208164181.02763507,581097342.0
LOS ANGELES,COUNTY,2018,207036766.0,207036766.0,628898946.0
