employer,type,2011,2018,adjusted_ot_pct_change
LOS ANGELES,COUNTY,140594166.1801202,200371155.0,42.51740342006607
