employer,type,year,overtime,adjusted_overtime,wages
LOS ANGELES,CITY,2011,95349961.0,106442380.63131326,448165811.0
LOS ANGELES,CITY,2012,112248900.0,122766642.56165208,454726881.0
LOS ANGELES,CITY,2013,139797890.0,150689735.72045514,482788356.0
LOS ANGELES,CITY,2014,160431116.0,170170046.99501583,470522081.0
LOS ANGELES,CITY,2015,183659668.0,194577723.33830917,534643300.0
LOS ANGELES,CITY,2016,185238650.0,193805687.69056734,540850597.0
LOS ANGELES,CITY,2017,195519055.0,200294563.25018373,580210602.0
LOS ANGELES,CITY,2018,194037539.0,194037539.0,589666238.0
