employer,type,year,overtime,adjusted_overtime,wages
LOS ANGELES,COUNTY,2011,126047072.0,140710602.02412236,424879373.64
LOS ANGELES,COUNTY,2012,132785914.0,145227978.5482105,431221062.0
LOS ANGELES,COUNTY,2013,148484277.0,160052891.06847662,440436448.0
LOS ANGELES,COUNTY,2014,154221519.0,163583497.9535561,451526259.0
LOS ANGELES,COUNTY,2015,166565895.0,176467773.1798355,469622396.0
LOS ANGELES,COUNTY,2016,189554487.0,198321126.3301037,504932549.0
LOS ANGELES,COUNTY,2017,199144562.0,204008622.43037677,530779457.0
LOS ANGELES,COUNTY,2018,201800387.0,201800387.0,546453053.0
