employer,type,2011,2018,adjusted_ot_pct_change
LOS ANGELES,COUNTY,146014080.4587198,217896411.0,49.22972518503265
