employer,type,year,overtime,adjusted_overtime,wages
LOS ANGELES,COUNTY,2011,125626288.0,140240866.63858217,438872830.16999996
LOS ANGELES,COUNTY,2012,132654488.0,145084237.907854,461552650.0
LOS ANGELES,COUNTY,2013,148194057.0,159740059.62945583,475485736.0
LOS ANGELES,COUNTY,2014,154411734.0,163785259.9078218,487410113.0
LOS ANGELES,COUNTY,2015,168434475.0,178447435.0524437,513984702.0
LOS ANGELES,COUNTY,2016,192445357.0,201345695.1680543,555982380.0
LOS ANGELES,COUNTY,2017,203015003.0,207973598.06756243,578972305.0
LOS ANGELES,COUNTY,2018,206909700.0,206909700.0,626659524.0
