employer,type,2011,2018,adjusted_ot_pct_change
LOS ANGELES,COUNTY,140710602.02412236,201800387.0,43.415196934062486
