employer,type,2011,2018,adjusted_ot_pct_change
LOS ANGELES,COUNTY,140240866.63858217,206909700.0,47.538805884044876
