employer,type,2011,2018,adjusted_ot_pct_change
LOS ANGELES,CITY,108682836.81516312,196605243.0,80.89815168734185
