employer,type,2011,2018,adjusted_ot_pct_change
OAKLAND,CITY,269144.1515896754,19193917.0,7031.463524892841
