employer,type,2011,2018,adjusted_ot_pct_change
OAKLAND,CITY,1077087.005317842,20189630.0,1774.466027379298
