employer,type,2011,2018,adjusted_ot_pct_change
OC FIRE AUTHORITY,SPECIAL DISTRICT,36021799.769875355,55757661.0,54.78865952341875
