employer,type,2011,2018,adjusted_ot_pct_change
ONTARIO,CITY,4957999.927393651,394559.0,-92.0419724530449
