employer,type,year,overtime,adjusted_overtime,wages
ORANGE COUNTY FIRE AUTHORITY,SPECIAL DISTRICT,2011,30494021.0,34041505.169165835,113918321.0
ORANGE COUNTY FIRE AUTHORITY,SPECIAL DISTRICT,2012,33663224.0,36817474.27619188,122589720.0
ORANGE COUNTY FIRE AUTHORITY,SPECIAL DISTRICT,2013,33414654.0,36018035.6116279,134030169.0
ORANGE COUNTY FIRE AUTHORITY,SPECIAL DISTRICT,2014,36930289.0,39172133.008596085,136940821.0
ORANGE COUNTY FIRE AUTHORITY,SPECIAL DISTRICT,2015,36447322.0,38614013.70135474,142183926.0
ORANGE COUNTY FIRE AUTHORITY,SPECIAL DISTRICT,2016,40883615.0,42774427.04506533,146414944.0
ORANGE COUNTY FIRE AUTHORITY,SPECIAL DISTRICT,2017,51864625.0,53131406.61665717,165304006.0
ORANGE COUNTY FIRE AUTHORITY,SPECIAL DISTRICT,2018,52671172.0,52671172.0,170072173.0
