employer,type,2011,2018,adjusted_ot_pct_change
ORANGE,COUNTY,106844.3043225052,148838.0,39.30363526982079
