employer,type,2011,2018,adjusted_ot_pct_change
PASADENA,CITY,6949936.772902876,5949745.0,-14.391379455458155
