employer,type,year,overtime,adjusted_overtime,wages
PASADENA,CITY,2011,6240598.0,6966590.239958388,22707692.0
PASADENA,CITY,2012,6786475.200000002,7422369.173612546,22066509.50000001
PASADENA,CITY,2013,6637289.0,7154409.306966524,21520897.0
PASADENA,CITY,2014,7870835.0,8348632.081073434,24081347.0
PASADENA,CITY,2015,8600831.0,9112126.429399582,24470581.0
PASADENA,CITY,2016,8767376.0,9172855.31352003,24857538.0
PASADENA,CITY,2017,7754201.0,7943595.587903886,26405968.0
PASADENA,CITY,2018,9741395.0,9741395.0,27622458.0
