employer,type,year,overtime,adjusted_overtime,wages
PASADENA,CITY,2011,6225680.0,6949936.772902876,21667391.0
PASADENA,CITY,2012,6674218.500000001,7299594.000189461,20833034.600000013
PASADENA,CITY,2013,6435540.0,6936941.765132623,19889820.0
PASADENA,CITY,2014,7458969.0,7911763.857981047,21882404.0
PASADENA,CITY,2015,8467508.0,8970877.748667818,22739090.0
PASADENA,CITY,2016,8699322.0,9101653.907819359,23464493.0
PASADENA,CITY,2017,4505357.0,4615399.315433257,15346257.0
PASADENA,CITY,2018,5949745.0,5949745.0,16410526.0
