employer,type,2011,2018,adjusted_ot_pct_change
PASADENA,CITY,6966590.239958388,9741395.0,39.83017034827337
