employer,type,2011,2018,adjusted_ot_pct_change
PASADENA,CITY,6980812.332081143,5960594.0,-14.6146076351689
