employer,type,2011,2018,adjusted_ot_pct_change
RIVERSIDE,CITY,6311645.036365414,8905071.0,41.089540820058865
