employer,type,2011,2018,adjusted_ot_pct_change
RIVERSIDE,CITY,6304993.9198138155,8940770.0,41.80457766823696
