employer,type,2011,2018,adjusted_ot_pct_change
RIVERSIDE,COUNTY,93657.0535967529,138538.0,47.920519255800215
