employer,type,2011,2018,adjusted_ot_pct_change
RIVERSIDE,CITY,6306093.508568989,8983158.0,42.45202656435876
