employer,type,year,overtime,adjusted_overtime,wages
RIVERSIDE,CITY,2011,5648932.0,6306093.508568989,27824852.0
RIVERSIDE,CITY,2012,5822038.0,6367564.030706376,28139821.0
RIVERSIDE,CITY,2013,5565854.0,5999497.333748284,27775040.0
RIVERSIDE,CITY,2014,6271963.0,6652700.953978273,29027338.0
RIVERSIDE,CITY,2015,7441292.0,7883656.0678938655,30965663.0
RIVERSIDE,CITY,2016,6665524.0,6973795.493748096,30511393.0
RIVERSIDE,CITY,2017,8471055.0,8677958.583081761,32505042.0
RIVERSIDE,CITY,2018,8983158.0,8983158.0,34752579.0
