employer,type,2011,2018,adjusted_ot_pct_change
SACRAMENTO,CITY,8570501.749607684,16653584.0,94.31282422598328
