employer,type,year,overtime,adjusted_overtime,wages
SACRAMENTO METRO FIRE,SPECIAL DISTRICT,2011,15303329.0,17083622.82753545,75016953.0
SACRAMENTO METRO FIRE,SPECIAL DISTRICT,2012,13842149.0,15139160.905524537,71669288.0
SACRAMENTO METRO FIRE,SPECIAL DISTRICT,2013,14089310.0,15187027.50365947,71311794.0
SACRAMENTO METRO FIRE,SPECIAL DISTRICT,2014,19429529.0,20608993.725512795,78686095.0
SACRAMENTO METRO FIRE,SPECIAL DISTRICT,2015,19107425.0,20243308.157115318,77630146.0
SACRAMENTO METRO FIRE,SPECIAL DISTRICT,2016,17321859.0,18122971.61296547,76310642.0
SACRAMENTO METRO FIRE,SPECIAL DISTRICT,2017,21494171.0,22019161.21612678,83129140.0
SACRAMENTO METRO FIRE,SPECIAL DISTRICT,2018,23760407.0,23760407.0,88382692.0
