employer,type,2011,2018,adjusted_ot_pct_change
SACRAMENTO,CITY,8563421.96089163,16930497.0,97.70714414541337
