employer,type,2011,2018,adjusted_ot_pct_change
SACRAMENTO,CITY,8690024.256460652,17714276.0,103.84610534119297
