employer,type,year,overtime,adjusted_overtime,wages
SACRAMENTO,CITY,2011,7784432.0,8690024.256460652,54628797.0
SACRAMENTO,CITY,2012,7912802.0,8654233.001794476,53344985.0
SACRAMENTO,CITY,2013,11144405.0,12012680.90821483,54393222.0
SACRAMENTO,CITY,2014,13848929.0,14689624.790496571,57193720.0
SACRAMENTO,CITY,2015,13922394.0,14750041.516676018,59607830.0
SACRAMENTO,CITY,2016,14469313.0,15138499.208318928,62419488.0
SACRAMENTO,CITY,2017,13984492.0,14326060.02220953,65949605.0
SACRAMENTO,CITY,2018,17714276.0,17714276.0,76583888.0
