employer,type,year,overtime,adjusted_overtime,wages
SACRAMENTO,CITY,2011,7677365.0,8570501.749607684,52059308.0
SACRAMENTO,CITY,2012,7787220.0,8516883.945312165,49720192.0
SACRAMENTO,CITY,2013,10978163.0,11833486.765544724,50735828.0
SACRAMENTO,CITY,2014,13615403.0,14441922.652748194,53645868.0
SACRAMENTO,CITY,2015,13207457.0,13992603.504807672,54286761.0
SACRAMENTO,CITY,2016,13737536.0,14372878.509176826,55979223.0
SACRAMENTO,CITY,2017,13075538.0,13394905.028418735,59466704.0
SACRAMENTO,CITY,2018,16653584.0,16653584.0,68929156.0
