employer,type,year,overtime,adjusted_overtime,wages
SAN DIEGO,CITY,2011,22061480.0,24627974.954809986,101762603.0
SAN DIEGO,CITY,2012,32002104.0,35000707.02687355,97879804.0
SAN DIEGO,CITY,2013,34351021.0,37027356.2513553,108891478.0
SAN DIEGO,CITY,2014,34989547.0,37113578.748179354,112822554.0
SAN DIEGO,CITY,2015,33632504.0,35631862.617145896,114641507.0
SAN DIEGO,CITY,2016,36345964.0,38026915.807238854,127250372.0
SAN DIEGO,CITY,2017,42233799.0,43265349.89186119,129492924.0
SAN DIEGO,CITY,2018,46902168.0,46902168.0,134189936.0
