employer,type,2011,2018,adjusted_ot_pct_change
SAN FRANCISCO,CITY,33142009.193754748,37379623.0,12.786230857252265
