employer,type,2011,2018,adjusted_ot_pct_change
SAN MATEO,COUNTY,1064.9824085640996,1072.0,0.6589396575444004
