employer,type,year,overtime,adjusted_overtime,wages
SAN FRANCISCO,CITY,2011,30691638.0,34262111.698131464,194046936.0
SAN FRANCISCO,CITY,2012,41932580.0,45861670.453322016,228680847.0
SAN FRANCISCO,CITY,2013,45563115.0,49112999.90257861,242100542.0
SAN FRANCISCO,CITY,2014,39634423.0,42040420.79050503,223863692.0
SAN FRANCISCO,CITY,2015,41613643.0,44087458.08444536,231008658.0
SAN FRANCISCO,CITY,2016,43908413.0,45939117.872357905,248414320.0
SAN FRANCISCO,CITY,2017,36878924.0,37779683.29335837,239887881.0
SAN FRANCISCO,CITY,2018,37164508.0,37164508.0,263528925.0
