employer,type,year,overtime,adjusted_overtime,wages
SAN FRANCISCO,CITY,2011,29688262.0,33142009.193754748,197334635.0
SAN FRANCISCO,CITY,2012,41527562.0,45418702.19227861,231244313.0
SAN FRANCISCO,CITY,2013,45085699.0,48598387.76595251,245164646.0
SAN FRANCISCO,CITY,2014,40008439.0,42437141.33876129,235950371.0
SAN FRANCISCO,CITY,2015,42098594.0,44601238.06966584,243992756.0
SAN FRANCISCO,CITY,2016,44437493.0,46492667.108671874,260613297.0
SAN FRANCISCO,CITY,2017,37575041.0,38492802.79204884,267677513.0
SAN FRANCISCO,CITY,2018,37379623.0,37379623.0,276466705.0
