employer,type,2011,2018,adjusted_ot_pct_change
SAN FRANCISCO,CITY,34262111.698131464,37164508.0,8.471154164227485
