employer,type,2011,2018,adjusted_ot_pct_change
SAN JOSE,CITY,8475528.538505994,16417945.0,93.70998428487434
