employer,type,2011,2018,adjusted_ot_pct_change
SAN DIEGO,CITY,22041793.553994603,43246387.0,96.20176050583923
