employer,type,2011,2018,adjusted_ot_pct_change
SAN JOAQUIN,COUNTY,31174.736626374266,27269.0,-12.528531269354678
