employer,type,2011,2018,adjusted_ot_pct_change
SAN BERNARDINO,COUNTY,7679683.036525455,8617303.0,12.209097159545731
