employer,type,2011,2018,adjusted_ot_pct_change
SAN DIEGO,CITY,24627974.954809986,46902168.0,90.44264941011619
