employer,type,year,overtime,adjusted_overtime,wages
SAN JOSE,CITY,2011,7592289.0,8475528.538505994,94435632.0
SAN JOSE,CITY,2012,5794641.0,6337599.926770739,85010638.0
SAN JOSE,CITY,2013,6322768.0,6815383.5436411,88011210.0
SAN JOSE,CITY,2014,7920252.0,8401048.92776764,90626918.0
SAN JOSE,CITY,2015,10550579.0,11177781.513364013,101544417.0
SAN JOSE,CITY,2016,12434277.0,13009345.538417654,104624686.0
SAN JOSE,CITY,2017,16486107.0,16888776.397066746,110011998.0
SAN JOSE,CITY,2018,16417945.0,16417945.0,113558307.0
