employer,type,2011,2018,adjusted_ot_pct_change
SANTA CLARA,COUNTY,6245884.047137226,4410034.0,-29.392957558645037
