employer,type,year,overtime,adjusted_overtime,wages
SANTA MONICA,CITY,2011,4768545.0,5323287.777197372,16519838.0
SANTA MONICA,CITY,2012,4610573.0,5042584.537535825,17304665.0
SANTA MONICA,CITY,2013,4552006.0,4906659.042836232,18038218.0
SANTA MONICA,CITY,2014,5386924.0,5713935.881606514,18775553.0
SANTA MONICA,CITY,2015,6079607.0,6441022.690140371,21423624.0
SANTA MONICA,CITY,2016,6532173.0,6834277.1898778,22462800.0
SANTA MONICA,CITY,2017,6690987.0,6854412.828855255,23034359.0
SANTA MONICA,CITY,2018,7384196.0,7384196.0,24237627.0
