employer,type,2011,2018,adjusted_ot_pct_change
SANTA BARBARA,COUNTY,6039116.70781412,13898752.0,130.1454446478267
