employer,type,2011,2018,adjusted_ot_pct_change
SANTA MONICA,CITY,5323287.777197372,7384196.0,38.71495040397128
