employer,type,2011,2018,adjusted_ot_pct_change
SONOMA,COUNTY,47449.76653670551,97626.0,105.74600704195221
