employer,type,2011,2018,adjusted_ot_pct_change
STANISLAUS,COUNTY,6263.748736324071,107592.0,1617.6934217693604
