employer,type,2011,2018,adjusted_ot_pct_change
TORRANCE,CITY,3279361.035743022,6073057.0,85.19025303427733
