employer,type,2011,2018,adjusted_ot_pct_change
VENTURA,COUNTY,19105073.305033803,27417338.0,43.508153893217894
