employer,type,2011,2018,adjusted_ot_pct_change
VENTURA,COUNTY,16889559.366419338,23366946.0,38.35142464675144
