employer,type,year,overtime,adjusted_overtime,wages
VENTURA,COUNTY,2011,15129489.0,16889559.366419338,49791425.0
VENTURA,COUNTY,2012,15349244.0,16787470.984032683,50585305.0
VENTURA,COUNTY,2013,16166535.0,17426091.957936443,51442212.0
VENTURA,COUNTY,2014,16684543.0,17697374.033104382,50569903.0
VENTURA,COUNTY,2015,18255330.0,19340558.48445471,57203191.0
VENTURA,COUNTY,2016,19758590.0,20672398.134762757,59362645.0
VENTURA,COUNTY,2017,22561320.0,23112375.08665144,63998456.0
VENTURA,COUNTY,2018,23366946.0,23366946.0,66265905.0
