employer,type,2011,2018,adjusted_ot_pct_change
ANAHEIM,CITY,6454713.28877162,11430707.537838452,77.09086409341971
