employer,type,2011,2018,adjusted_ot_pct_change
CALFIRE,STATE,76614948.1877045,185538995.93271512,142.17075168953937
