employer,type,2011,2018,adjusted_ot_pct_change
CHULA VISTA,CITY,3071508.4945207373,39302.47731445161,-98.72041775614284
