employer,type,2011,2018,adjusted_ot_pct_change
CONTRA COSTA,COUNTY,12691260.194119286,11849189.377603978,-6.635044933563776
