employer,type,year,overtime,adjusted_overtime,wages
CONTRA COSTA,COUNTY,2011,11166365.0,12465390.243821662,40437588.0
CONTRA COSTA,COUNTY,2012,10572738.0,11563405.493897926,38609826.0
CONTRA COSTA,COUNTY,2013,8393280.0,9047211.978863053,32540461.0
CONTRA COSTA,COUNTY,2014,9508087.0,10085273.056522876,33908616.0
CONTRA COSTA,COUNTY,2015,9435310.0,9996212.879962191,36144983.0
CONTRA COSTA,COUNTY,2016,10212965.0,10685300.85478757,39172729.0
CONTRA COSTA,COUNTY,2017,11150640.0,11422991.834530018,40315257.0
CONTRA COSTA,COUNTY,2018,11638306.0,11638306.0,44068118.0
