employer,type,2011,2018,adjusted_ot_pct_change
CORONA,CITY,4617660.574369052,5521145.387376697,19.565855879978677
