employer,type,year,overtime,adjusted_overtime,wages
EL SEGUNDO,CITY,2011,745200.0,831891.9191425228,8039201.0
EL SEGUNDO,CITY,2012,1120766.0,1225781.9801998306,7974013.0
EL SEGUNDO,CITY,2013,1231906.0,1327885.48934782,7634289.0
EL SEGUNDO,CITY,2014,1511429.0,1603179.9215286227,7820314.0
EL SEGUNDO,CITY,2015,2160801.0,2289254.596535269,8728994.0
EL SEGUNDO,CITY,2016,1963855.0,2054680.6446686976,7851535.0
EL SEGUNDO,CITY,2017,2265568.0,2320903.9808093994,7893215.0
EL SEGUNDO,CITY,2018,2448129.0,2448129.0,8009421.0
