employer,type,2011,2018,adjusted_ot_pct_change
EL SEGUNDO,CITY,834673.8228764241,2448129.0,193.3036753882304
