employer,type,year,overtime,adjusted_overtime,wages
EL SEGUNDO,CITY,2011,747692.0,834673.8228764241,8108987.0
EL SEGUNDO,CITY,2012,1122262.0,1227418.1556747996,8020713.0
EL SEGUNDO,CITY,2013,1232520.0,1328547.3269315802,7680938.0
EL SEGUNDO,CITY,2014,1511656.0,1603420.7015071644,7861860.0
EL SEGUNDO,CITY,2015,2160801.0,2289254.596535269,8771364.0
EL SEGUNDO,CITY,2016,1963855.0,2054680.6446686976,7881737.0
EL SEGUNDO,CITY,2017,2265568.0,2320903.9808093994,7893215.0
EL SEGUNDO,CITY,2018,2448129.0,2448129.0,8009421.0
