employer,type,2011,2018,adjusted_ot_pct_change
EL SEGUNDO,CITY,849797.916964155,2492488.523828489,193.30367538823037
