employer,type,2011,2018,adjusted_ot_pct_change
FREMONT,CITY,4090664.411320403,6341326.0,55.01946291294813
