employer,type,2011,2018,adjusted_ot_pct_change
FREMONT,CITY,4164786.2919191434,6456229.341205145,55.01946291294816
