employer,type,year,overtime,adjusted_overtime,wages
FREMONT,CITY,2011,3664374.0,4090664.411320403,19442015.0
FREMONT,CITY,2012,3816498.0,4174104.5640826854,20779799.0
FREMONT,CITY,2013,4789753.0,5162929.238318659,20119076.0
FREMONT,CITY,2014,3893022.0,4129346.932253651,20200032.0
FREMONT,CITY,2015,6268872.0,6641538.966842037,24576792.0
FREMONT,CITY,2016,6157211.0,6441973.703171156,24567975.0
FREMONT,CITY,2017,5357538.0,5488394.641669387,25009090.0
FREMONT,CITY,2018,6341326.0,6341326.0,25991032.0
