employer,type,2011,2018,adjusted_ot_pct_change
FRESNO,CITY,1971529.5307083258,10469945.585399853,431.0570002792826
