employer,type,2011,2018,adjusted_ot_pct_change
FRESNO,CITY,1936441.6615526874,10283609.0,431.05700027928265
