employer,type,2011,2018,adjusted_ot_pct_change
GLENDALE,CITY,6336236.984809212,7652050.712664322,20.766485392034774
