employer,type,2011,2018,adjusted_ot_pct_change
HUNTINGTON BEACH,CITY,5105830.7732007345,5897847.66443787,15.512008259150289
