employer,type,year,overtime,adjusted_overtime,wages
HUNTINGTON BEACH,CITY,2011,4492349.0,5014960.857579166,19047683.0
HUNTINGTON BEACH,CITY,2012,5003602.0,5472440.427075622,20089751.0
HUNTINGTON BEACH,CITY,2013,5346476.0,5763027.2922985805,19823618.0
HUNTINGTON BEACH,CITY,2014,4369326.0,4634564.848109285,20024963.0
HUNTINGTON BEACH,CITY,2015,5103181.0,5406550.886084118,21415179.0
HUNTINGTON BEACH,CITY,2016,5420466.0,5671155.2407304775,21612407.0
HUNTINGTON BEACH,CITY,2017,6505806.0,6664708.825236617,22729181.0
HUNTINGTON BEACH,CITY,2018,5792882.0,5792882.0,22581699.0
