employer,type,year,overtime,adjusted_overtime,wages
KERN,COUNTY,2011,15263851.0,17039552.20329515,58929699.0
KERN,COUNTY,2012,16445018.0,17985919.20923891,59341179.0
KERN,COUNTY,2013,17766486.0,19150697.339002483,63312846.0
KERN,COUNTY,2014,20634305.0,21886905.35294589,68141636.0
KERN,COUNTY,2015,21254276.0,22517783.465034172,67927398.0
KERN,COUNTY,2016,23225051.0,24299178.280037638,69205721.0
KERN,COUNTY,2017,23936134.0,24520768.604512077,69403306.0
KERN,COUNTY,2018,24202173.0,24202173.0,71991157.0
