employer,type,2011,2018,adjusted_ot_pct_change
KERN,COUNTY,17039552.20329515,24202173.0,42.03526425606259
