employer,type,year,overtime,adjusted_overtime,wages
KERN,COUNTY,2011,15263851.0,17039552.20329515,58929699.0
KERN,COUNTY,2012,16445018.0,17985919.20923891,59341179.0
KERN,COUNTY,2013,17766486.0,19150697.339002483,63312846.0
KERN,COUNTY,2014,20634305.0,21886905.35294589,68141636.0
KERN,COUNTY,2015,21254276.0,22517783.465034172,67927398.0
KERN,COUNTY,2016,23053876.0,24120086.667188846,68832312.0
KERN,COUNTY,2017,23755721.0,24335949.058204144,68982183.0
KERN,COUNTY,2018,24092067.0,24092067.0,71644168.0
