employer,type,2011,2018,adjusted_ot_pct_change
KERN,COUNTY,17039552.20329515,24092067.0,41.3890853031984
