employer,type,2011,2018,adjusted_ot_pct_change
KERN,COUNTY,17348304.8964697,24640710.70364826,42.03526425606303
