employer,type,2011,2018,adjusted_ot_pct_change
LONG BEACH,CITY,15671747.163493222,21677219.61382198,38.32037607343674
