employer,type,year,overtime,adjusted_overtime,wages
LONG BEACH,CITY,2011,13788737.0,15392832.642889842,50456413.0
LONG BEACH,CITY,2012,14124132.0,15447565.764453782,51429350.0
LONG BEACH,CITY,2013,15563410.0,16775976.6603708,52813471.0
LONG BEACH,CITY,2014,12733388.0,13506365.151544344,49968195.0
LONG BEACH,CITY,2015,15485316.0,16405874.873160996,55741202.0
LONG BEACH,CITY,2016,16868986.0,17649153.847604446,54504096.0
LONG BEACH,CITY,2017,21349519.0,21870976.124073915,62907437.0
LONG BEACH,CITY,2018,21291424.0,21291424.0,65344902.0
