employer,type,2011,2018,adjusted_ot_pct_change
LONG BEACH,CITY,15392832.642889842,21291424.0,38.32037607343699
