employer,type,2011,2018,adjusted_ot_pct_change
LOS ANGELES,COUNTY,143138158.0014047,203838869.0549724,42.40707851848423
