employer,type,2011,2018,adjusted_ot_pct_change
LOS ANGELES,CITY,107255863.09039328,194880536.0,81.6968605583438
