employer,type,year,overtime,adjusted_overtime,wages
LOS ANGELES,COUNTY,2011,125942770.0,140594166.1801202,421008935.42999995
LOS ANGELES,COUNTY,2012,132584285.0,145007456.87385052,427563246.0
LOS ANGELES,COUNTY,2013,148109418.0,159648826.28865466,436878954.0
LOS ANGELES,COUNTY,2014,153685127.0,163014544.41060534,447583388.0
LOS ANGELES,COUNTY,2015,165845469.0,175704519.86221692,465137488.0
LOS ANGELES,COUNTY,2016,188644806.0,197369373.81093967,500426440.0
LOS ANGELES,COUNTY,2017,197739660.0,202569406.01999018,525015747.0
LOS ANGELES,COUNTY,2018,200371155.0,200371155.0,540509188.0
