employer,type,year,overtime,adjusted_overtime,wages
LOS ANGELES,CITY,2011,96078670.0,107255863.09039328,452256101.0
LOS ANGELES,CITY,2012,112930198.0,123511778.30947654,459391030.0
LOS ANGELES,CITY,2013,140574907.0,151527291.18270344,487008088.0
LOS ANGELES,CITY,2014,161309278.0,171101517.60081297,476414656.0
LOS ANGELES,CITY,2015,184511567.0,195480265.3593161,539954479.0
LOS ANGELES,CITY,2016,186089385.0,194695768.03674474,548059314.0
LOS ANGELES,CITY,2017,196364301.0,201160454.19062924,586814132.0
LOS ANGELES,CITY,2018,194880536.0,194880536.0,595888197.0
