employer,type,year,overtime,adjusted_overtime,wages
LOS ANGELES,COUNTY,2011,125939654.0,140590687.68411908,418616907.4899999
LOS ANGELES,COUNTY,2012,132582766.0,145005795.54327133,425254175.0
LOS ANGELES,COUNTY,2013,148076181.0,159612999.74831033,434536337.0
LOS ANGELES,COUNTY,2014,153562503.0,162884476.55118388,444932888.0
LOS ANGELES,COUNTY,2015,165719430.0,175570988.19498208,462439818.0
LOS ANGELES,COUNTY,2016,188461673.0,197177771.15672123,497452166.0
LOS ANGELES,COUNTY,2017,197603369.0,202429786.14345217,522067528.0
LOS ANGELES,COUNTY,2018,200211091.0,200211091.0,537313837.0
