employer,type,2011,2018,adjusted_ot_pct_change
LOS ANGELES,CITY,106442380.63131326,194037539.0,82.29349799314612
