employer,type,year,overtime,adjusted_overtime,wages
LOS ANGELES,CITY,2011,95349961.0,106442380.63131326,450356982.0
LOS ANGELES,CITY,2012,112248900.0,122766642.56165208,457677115.0
LOS ANGELES,CITY,2013,139797890.0,150689735.72045514,485456186.0
LOS ANGELES,CITY,2014,160431116.0,170170046.99501583,474733868.0
LOS ANGELES,CITY,2015,183659668.0,194577723.33830917,538249724.0
LOS ANGELES,CITY,2016,185238650.0,193805687.69056734,546254284.0
LOS ANGELES,CITY,2017,195521913.0,200297491.0561808,584634417.0
LOS ANGELES,CITY,2018,194037539.0,194037539.0,593514555.0
