employer,type,2011,2018,adjusted_ot_pct_change
LOS ANGELES,COUNTY,140590687.68411908,200211091.0,42.40707851848396
