employer,type,2011,2018,adjusted_ot_pct_change
LOS ANGELES,CITY,109199314.19713807,198411725.6474411,81.69686055834326
