employer,type,2011,2018,adjusted_ot_pct_change
NEWPORT BEACH,CITY,220711.14455030035,2123936.295491563,862.3149296874383
