employer,type,year,overtime,adjusted_overtime,wages
NEWPORT BEACH,CITY,2011,194192.0,216783.08583215892,1967366.0
NEWPORT BEACH,CITY,2012,164865.0,180312.88080263426,2571186.0
NEWPORT BEACH,CITY,2013,156258.0,168432.2755100727,2728577.0
NEWPORT BEACH,CITY,2014,274610.0,291280.1317501352,3002344.0
NEWPORT BEACH,CITY,2015,507768.0,537953.3922714406,3512012.0
NEWPORT BEACH,CITY,2016,1831873.0,1916594.6552017236,7675155.0
NEWPORT BEACH,CITY,2017,2310616.0,2367052.267917754,8879621.0
NEWPORT BEACH,CITY,2018,2086136.0,2086136.0,8103713.0
