employer,type,2011,2018,adjusted_ot_pct_change
NEWPORT BEACH,CITY,216783.08583215892,2086136.0,862.3149296874386
