employer,type,2011,2018,adjusted_ot_pct_change
OAKLAND,CITY,187965.94487696668,19384230.63995826,10212.62905237767
