employer,type,2011,2018,adjusted_ot_pct_change
OAKLAND,CITY,184620.6617468736,19039244.0,10212.629052377672
