employer,type,year,overtime,adjusted_overtime,wages
OAKLAND,CITY,2011,165381.24000000002,184620.6617468736,1985148.1400000004
OAKLAND,CITY,2012,14882226.0,16276693.311593521,59609408.0
OAKLAND,CITY,2013,16548690.0,17838021.179144636,60264828.0
OAKLAND,CITY,2014,20687783.0,21943629.721635066,67785910.0
OAKLAND,CITY,2015,21489922.0,22767437.962905608,73016645.0
OAKLAND,CITY,2016,21839474.0,22849520.2128188,76125524.0
OAKLAND,CITY,2017,19537127.0,20014316.863532133,77806376.0
OAKLAND,CITY,2018,19039244.0,19039244.0,76376124.0
