employer,type,year,overtime,adjusted_overtime,wages
OAKLAND,CITY,2011,165381.24000000002,187965.94487696668,1985148.1400000004
OAKLAND,CITY,2012,14882226.0,16571623.180405425,59609408.0
OAKLAND,CITY,2013,16548690.0,18161241.943062454,60264828.0
OAKLAND,CITY,2014,20687783.0,22341243.15030667,67785910.0
OAKLAND,CITY,2015,21489922.0,23179978.60387227,73016645.0
OAKLAND,CITY,2016,21839474.0,23263548.16492021,76125524.0
OAKLAND,CITY,2017,19537127.0,20376971.59529617,77806376.0
OAKLAND,CITY,2018,19039244.0,19384230.63995826,76376124.0
OAKLAND,CITY,2019,22427180.0,22427180.0,86292350.0
