employer,type,2011,2018,adjusted_ot_pct_change
OC FIRE AUTHORITY,SPECIAL DISTRICT,35111212.641084924,54391400.14542401,54.91176764934238
