employer,type,2011,2018,adjusted_ot_pct_change
OC FIRE AUTHORITY,SPECIAL DISTRICT,34486328.45048209,53423381.0,54.911767649342735
