employer,type,year,overtime,adjusted_overtime,wages
OC FIRE AUTHORITY,SPECIAL DISTRICT,2011,30892489.0,34486328.45048209,117757841.0
OC FIRE AUTHORITY,SPECIAL DISTRICT,2012,34048836.0,37239218.19146843,127100959.0
OC FIRE AUTHORITY,SPECIAL DISTRICT,2013,33738337.0,36366937.198963754,138423791.0
OC FIRE AUTHORITY,SPECIAL DISTRICT,2014,37309385.0,39574241.93698891,141893825.0
OC FIRE AUTHORITY,SPECIAL DISTRICT,2015,37469984.0,39697470.106734976,149445711.0
OC FIRE AUTHORITY,SPECIAL DISTRICT,2016,41668630.0,43595747.92989367,152547763.0
OC FIRE AUTHORITY,SPECIAL DISTRICT,2017,52813777.0,54103741.43741432,171162673.0
OC FIRE AUTHORITY,SPECIAL DISTRICT,2018,53423381.0,53423381.0,175489547.0
