employer,type,year,overtime,adjusted_overtime,wages
OC FIRE AUTHORITY,SPECIAL DISTRICT,2011,30892489.0,35111212.641084924,117757841.0
OC FIRE AUTHORITY,SPECIAL DISTRICT,2012,34048836.0,37913984.099114075,127100959.0
OC FIRE AUTHORITY,SPECIAL DISTRICT,2013,33738337.0,37025897.57942023,138423791.0
OC FIRE AUTHORITY,SPECIAL DISTRICT,2014,37309385.0,40291317.927754946,141893825.0
OC FIRE AUTHORITY,SPECIAL DISTRICT,2015,37469984.0,40416778.96306172,149445711.0
OC FIRE AUTHORITY,SPECIAL DISTRICT,2016,41668630.0,44385692.66692222,152547763.0
OC FIRE AUTHORITY,SPECIAL DISTRICT,2017,52813777.0,55084088.55454071,171162673.0
OC FIRE AUTHORITY,SPECIAL DISTRICT,2018,53423381.0,54391400.14542401,175489547.0
OC FIRE AUTHORITY,SPECIAL DISTRICT,2019,59188084.0,59188084.0,190959057.0
