employer,type,2011,2018,adjusted_ot_pct_change
ONTARIO,CITY,5047837.724307478,401708.31662598014,-92.04197245304492
