employer,type,year,overtime,adjusted_overtime,wages
ORANGE COUNTY FIRE AUTHORITY,SPECIAL DISTRICT,2011,30654652.0,34220822.97762501,114504292.0
ORANGE COUNTY FIRE AUTHORITY,SPECIAL DISTRICT,2012,33862935.0,37035898.233599305,123052697.0
ORANGE COUNTY FIRE AUTHORITY,SPECIAL DISTRICT,2013,33517234.0,36128607.76039355,134436280.0
ORANGE COUNTY FIRE AUTHORITY,SPECIAL DISTRICT,2014,36990505.0,39236004.405899435,137446264.0
ORANGE COUNTY FIRE AUTHORITY,SPECIAL DISTRICT,2015,37024780.0,39225799.9698756,144975517.0
ORANGE COUNTY FIRE AUTHORITY,SPECIAL DISTRICT,2016,41083645.0,42983708.16274105,147353953.0
ORANGE COUNTY FIRE AUTHORITY,SPECIAL DISTRICT,2017,51981723.0,53251364.708555005,165915216.0
ORANGE COUNTY FIRE AUTHORITY,SPECIAL DISTRICT,2018,52839688.0,52839688.0,171068284.0
