employer,type,2011,2018,adjusted_ot_pct_change
PASADENA,CITY,7075867.998701869,6057552.985241351,-14.391379455458143
