employer,type,2011,2018,adjusted_ot_pct_change
RIVERSIDE,CITY,6418658.149329375,9102774.657377133,41.81740864838232
