employer,type,2011,2018,adjusted_ot_pct_change
RIVERSIDE,CITY,6304423.4732616395,8940770.0,41.81740864838236
