employer,type,2011,2018,adjusted_ot_pct_change
SACRAMENTO METRO FIRE,SPECIAL DISTRICT,17393174.070094563,24190940.00724395,39.08295236829323
