employer,type,2011,2018,adjusted_ot_pct_change
SACRAMENTO,CITY,8718589.160221219,17237273.63844498,97.7071441454137
