employer,type,2011,2018,adjusted_ot_pct_change
SAN DIEGO,CITY,22023931.09747528,43553055.0,97.75332027347615
