employer,type,2011,2018,adjusted_ot_pct_change
SAN DIEGO,CITY,22422999.568260718,44342226.15114275,97.75332027347598
