employer,type,2011,2018,adjusted_ot_pct_change
SAN DIEGO,CITY,21921891.493662693,43409507.0,98.01898486975483
