employer,type,year,overtime,adjusted_overtime,wages
SAN DIEGO,CITY,2011,19637399.0,21921891.493662693,83941604.0
SAN DIEGO,CITY,2012,30865415.0,33757510.058647014,89587107.0
SAN DIEGO,CITY,2013,31628519.0,34092740.37926739,89052453.0
SAN DIEGO,CITY,2014,32213542.0,34169057.055090904,91516934.0
SAN DIEGO,CITY,2015,30920439.0,32758572.912377633,92480735.0
SAN DIEGO,CITY,2016,33315874.0,34856688.23208489,103514934.0
SAN DIEGO,CITY,2017,38817605.0,39765716.13387326,106546189.0
SAN DIEGO,CITY,2018,43409507.0,43409507.0,110159097.0
