employer,type,2011,2018,adjusted_ot_pct_change
SAN FRANCISCO,CITY,33152175.05746896,34856055.079245105,5.139572347281855
