employer,type,year,overtime,adjusted_overtime,wages
SAN FRANCISCO,CITY,2011,29168836.0,33152175.05746896,188777833.0
SAN FRANCISCO,CITY,2012,40063430.0,44611341.42664884,218407075.0
SAN FRANCISCO,CITY,2013,43793400.0,48060754.83372464,233855681.0
SAN FRANCISCO,CITY,2014,37890634.0,40919022.947663195,218866490.0
SAN FRANCISCO,CITY,2015,39698548.0,42820606.479855895,226099707.0
SAN FRANCISCO,CITY,2016,41769340.0,44492969.60663645,239444532.0
SAN FRANCISCO,CITY,2017,34734135.0,36227255.024865404,243443059.0
SAN FRANCISCO,CITY,2018,34235712.0,34856055.079245105,252109106.0
SAN FRANCISCO,CITY,2019,35068780.0,35068780.0,259438842.0
