employer,type,2011,2018,adjusted_ot_pct_change
SAN JOSE,CITY,8136397.5050702635,15754149.0,93.62560629790606
