employer,type,year,overtime,adjusted_overtime,wages
SAN JOSE,CITY,2011,7288499.0,8136397.5050702635,85067204.0
SAN JOSE,CITY,2012,5493805.0,6008575.538276264,76558961.0
SAN JOSE,CITY,2013,5965912.0,6430724.402288832,79839758.0
SAN JOSE,CITY,2014,7529988.0,7987094.048712493,81831259.0
SAN JOSE,CITY,2015,10062224.0,10660395.169831695,91825162.0
SAN JOSE,CITY,2016,11727267.0,12269637.279616863,93051636.0
SAN JOSE,CITY,2017,15425803.0,15802574.714103298,98555757.0
SAN JOSE,CITY,2018,15754149.0,15754149.0,103350159.0
