employer,type,2011,2018,adjusted_ot_pct_change
SAN FRANCISCO,CITY,32564689.374608226,34676006.0,6.4834539064820245
