employer,type,2011,2018,adjusted_ot_pct_change
SAN JOSE,CITY,8283827.121321787,16039610.488329675,93.62560629790589
