employer,type,year,overtime,adjusted_overtime,wages
SAN DIEGO,CITY,2011,19728805.0,22023931.09747528,83206888.0
SAN DIEGO,CITY,2012,30778683.0,33662651.25430544,88731103.0
SAN DIEGO,CITY,2013,31690815.0,34159889.94623468,89493109.0
SAN DIEGO,CITY,2014,32269625.0,34228544.55965717,91881822.0
SAN DIEGO,CITY,2015,30948680.0,32788492.76111,92835222.0
SAN DIEGO,CITY,2016,33374687.0,34918221.254000925,103715205.0
SAN DIEGO,CITY,2017,38994087.0,39946508.66640427,107078378.0
SAN DIEGO,CITY,2018,43553055.0,43553055.0,110436697.0
