employer,type,2011,2018,adjusted_ot_pct_change
SAN FRANCISCO,CITY,32562156.41330316,34235712.0,5.139572347281998
