employer,type,year,overtime,adjusted_overtime,wages
SANTA CLARA,COUNTY,2011,5594997.0,6245884.047137226,40188721.0
SANTA CLARA,COUNTY,2012,5293229.0,5789205.530209848,38226888.0
SANTA CLARA,COUNTY,2013,4466965.080000002,4814992.46789562,37083122.680000044
SANTA CLARA,COUNTY,2016,7499467.0,7846307.232576552,44202504.0
SANTA CLARA,COUNTY,2017,9344299.0,9572531.36828084,46999811.0
SANTA CLARA,COUNTY,2018,4393838.0,4393838.0,23506882.0
