employer,type,2011,2018,adjusted_ot_pct_change
SANTA CLARA,COUNTY,6359058.002520685,4473453.314985245,-29.65226432575391
