employer,type,year,overtime,adjusted_overtime,wages
SANTA CLARA,COUNTY,2011,5594997.0,6359058.002520685,40188721.0
SANTA CLARA,COUNTY,2012,5293229.0,5894104.577876601,38226888.0
SANTA CLARA,COUNTY,2013,4466965.080000002,4902239.0031531975,37083122.680000044
SANTA CLARA,COUNTY,2016,7499467.0,7988480.481065135,44202504.0
SANTA CLARA,COUNTY,2017,9344299.0,9745983.393615374,46999811.0
SANTA CLARA,COUNTY,2018,4393838.0,4473453.314985245,23506882.0
