employer,type,2011,2018,adjusted_ot_pct_change
SANTA BARBARA,COUNTY,5987202.367739699,12541458.89415667,109.4711039288179
