employer,type,2011,2018,adjusted_ot_pct_change
SANTA BARBARA,COUNTY,5880646.43235277,12318255.0,109.47110392881802
