employer,type,year,overtime,adjusted_overtime,wages
SANTA BARBARA,COUNTY,2011,5267821.0,5987202.367739699,23400745.0
SANTA BARBARA,COUNTY,2012,6342062.0,7061998.766230829,23876600.0
SANTA BARBARA,COUNTY,2013,6550773.0,7189099.159334124,24560933.0
SANTA BARBARA,COUNTY,2014,7595545.0,8202614.929985297,26843014.0
SANTA BARBARA,COUNTY,2015,9375676.0,10113018.049895158,29133315.0
SANTA BARBARA,COUNTY,2016,10636977.0,11330576.311895074,31345319.0
SANTA BARBARA,COUNTY,2017,11738676.0,12243287.737157311,33931834.0
SANTA BARBARA,COUNTY,2018,12318255.0,12541458.89415667,35720413.0
SANTA BARBARA,COUNTY,2019,10083977.0,10083977.0,33824470.0
