employer,type,2011,2018,adjusted_ot_pct_change
SANTA MONICA,CITY,5419744.504354516,7517995.901237318,38.71495040397114
