employer,type,2011,2018,adjusted_ot_pct_change
VENTURA,COUNTY,17116104.790996663,23703542.0,38.486777742027094
