employer,type,2011,2018,adjusted_ot_pct_change
VENTURA,COUNTY,17426244.599122427,24133044.626768664,38.48677774202702
