employer,type,year,overtime,adjusted_overtime,wages
VENTURA,COUNTY,2011,15332426.0,17116104.790996663,51852399.0
VENTURA,COUNTY,2012,15357138.0,16796104.653283622,51782567.0
VENTURA,COUNTY,2013,16134098.0,17391127.74669145,51930389.0
VENTURA,COUNTY,2014,16918093.0,17945101.62776678,52319180.0
VENTURA,COUNTY,2015,18548149.0,19650784.757814854,58965701.0
VENTURA,COUNTY,2016,20232796.0,21168535.522597283,61716565.0
VENTURA,COUNTY,2017,22690034.0,23244232.89669549,65451754.0
VENTURA,COUNTY,2018,23703542.0,23703542.0,68352332.0
